{"accuracy": [0.6401546597480774, 0.7757525444030762, 0.8111019134521484, 0.833471417427063, 0.8461750745773315, 0.8544601202011108, 0.8707539439201355, 0.8718585968017578, 0.8961612582206726, 0.8967136144638062, 0.9102457761764526, 0.9188069701194763, 0.9160453081130981, 0.9306821227073669, 0.9279204607009888, 0.9301298260688782, 0.9455951452255249, 0.9494614601135254, 0.9533278346061707, 0.954432487487793], "loss": [0.632845401763916, 0.4834906756877899, 0.4128083288669586, 0.38779470324516296, 0.34777575731277466, 0.3323962390422821, 0.303986132144928, 0.2889226973056793, 0.25263580679893494, 0.24961742758750916, 0.21689680218696594, 0.2041754424571991, 0.1982557326555252, 0.1752111166715622, 0.18689186871051788, 0.16646432876586914, 0.14045000076293945, 0.1345125436782837, 0.12100496888160706, 0.12657718360424042], "val_accuracy": [0.5480663180351257, 0.770165741443634, 0.798895001411438, 0.8154696226119995, 0.798895001411438, 0.8397790193557739, 0.8375690579414368, 0.8674033284187317, 0.8618784546852112, 0.8906077146530151, 0.8872928023338318, 0.8773480653762817, 0.9060773253440857, 0.8883978128433228, 0.9160221219062805, 0.9259668588638306, 0.9303867220878601, 0.9193370342254639, 0.9370165467262268, 0.9447513818740845], "val_loss": [0.7133072018623352, 0.48419591784477234, 0.480520635843277, 0.42090150713920593, 0.4368855357170105, 0.36157792806625366, 0.37818557024002075, 0.3256225883960724, 0.3050194978713989, 0.26351457834243774, 0.26514166593551636, 0.2921519875526428, 0.21388916671276093, 0.27725136280059814, 0.2051144391298294, 0.20676100254058838, 0.16963918507099152, 0.19783523678779602, 0.16111522912979126, 0.14900220930576324]}