{"accuracy": [0.7291496992111206, 0.8016843199729919, 0.8399891257286072, 0.8519424200057983, 0.8744906187057495, 0.8905189037322998, 0.9089921116828918, 0.9125237464904785, 0.9081771373748779, 0.9217603802680969, 0.9271937012672424, 0.9348003268241882, 0.9307253360748291, 0.9399619698524475, 0.9467536211013794, 0.9415919780731201, 0.9456669092178345, 0.9521868824958801, 0.9494702816009521, 0.9462102651596069], "loss": [0.5470356941223145, 0.4248799979686737, 0.35808947682380676, 0.3343825936317444, 0.29416367411613464, 0.27054813504219055, 0.24293577671051025, 0.23004770278930664, 0.23055700957775116, 0.193692147731781, 0.18255935609340668, 0.1660033017396927, 0.1764499396085739, 0.15626388788223267, 0.15119898319244385, 0.16044950485229492, 0.14329789578914642, 0.1300310492515564, 0.12767580151557922, 0.12787510454654694], "val_accuracy": [0.6670293807983398, 0.7149075269699097, 0.6398258805274963, 0.8084874749183655, 0.5114254355430603, 0.8171926140785217, 0.8150163292884827, 0.5201305747032166, 0.7932535409927368, 0.8465723395347595, 0.9064199924468994, 0.9314472079277039, 0.8607181906700134, 0.9292709231376648, 0.873775839805603, 0.9205658435821533, 0.9553862810134888, 0.9292709231376648, 0.9390642046928406, 0.9303590655326843], "val_loss": [0.5826127529144287, 0.5302980542182922, 0.6787121295928955, 0.40704038739204407, 1.9774694442749023, 0.3754419982433319, 0.389803946018219, 2.020573854446411, 0.44066306948661804, 0.3148093521595001, 0.23638474941253662, 0.1817994862794876, 0.30249083042144775, 0.18166178464889526, 0.27883151173591614, 0.19868254661560059, 0.1210445761680603, 0.1604405641555786, 0.16493439674377441, 0.1738944947719574]}