{"accuracy": [0.8380874991416931, 0.9328986406326294, 0.9440369606018066, 0.9489269256591797, 0.957076907157898, 0.9687584638595581, 0.9530019164085388, 0.9600651860237122, 0.9638684988021851, 0.9720184803009033, 0.9695734977722168, 0.9649551510810852, 0.9766367673873901, 0.9728334546089172, 0.9649551510810852, 0.9758217930793762, 0.9682151675224304, 0.9750068187713623, 0.9728334546089172, 0.9695734977722168], "loss": [0.3840731084346771, 0.20323270559310913, 0.17564931511878967, 0.1632625311613083, 0.13867464661598206, 0.11314446479082108, 0.1414772868156433, 0.12528930604457855, 0.11208076775074005, 0.09395329654216766, 0.09813062846660614, 0.10847094655036926, 0.07951600849628448, 0.09503386169672012, 0.10009314864873886, 0.07955683022737503, 0.0932881310582161, 0.0792752355337143, 0.08268799632787704, 0.08558142930269241], "precision": [0.8377358317375183, 0.929909348487854, 0.9399038553237915, 0.949635922908783, 0.9643734693527222, 0.9664067029953003, 0.9544626474380493, 0.9601208567619324, 0.9649122953414917, 0.9711365103721619, 0.9721212387084961, 0.9655588865280151, 0.977683961391449, 0.9723225235939026, 0.9689592123031616, 0.9736369252204895, 0.9663663506507874, 0.9793438911437988, 0.9723225235939026, 0.9761613607406616], "recall": [0.7976047992706299, 0.9215568900108337, 0.9365269541740417, 0.9371257424354553, 0.940119743347168, 0.9646706581115723, 0.9413173794746399, 0.9514970183372498, 0.955089807510376, 0.9670658707618713, 0.9604790210723877, 0.9568862318992615, 0.9706586599349976, 0.9676646590232849, 0.9532934427261353, 0.9730538725852966, 0.9634730815887451, 0.9652694463729858, 0.9676646590232849, 0.9562874436378479], "val_accuracy": [0.8890097737312317, 0.7649618983268738, 0.8911860585212708, 0.8193688988685608, 0.9749727845191956, 0.8433079719543457, 0.8922742009162903, 0.6974973082542419, 0.9412404894828796, 0.8280739784240723, 0.9488574266433716, 0.973884642124176, 0.9771490693092346, 0.9684439897537231, 0.9749727845191956, 0.9488574266433716, 0.9564744234085083, 0.8955386281013489, 0.9847660660743713, 0.9292709231376648], "val_loss": [0.41971156001091003, 0.7532947063446045, 0.339524507522583, 0.42204171419143677, 0.0726587325334549, 0.40503159165382385, 0.3244001269340515, 1.0832759141921997, 0.17245538532733917, 0.4091149866580963, 0.16965945065021515, 0.07440494745969772, 0.05638042092323303, 0.0769762471318245, 0.07170680910348892, 0.1416262835264206, 0.11609641462564468, 0.32103440165519714, 0.03801243007183075, 0.18877670168876648], "val_precision": [0.9112271666526794, 0.6597774028778076, 0.8065764307975769, 0.7152658700942993, 0.9712918400764465, 0.7441860437393188, 0.9140625, 0.6238859295845032, 0.8954248428344727, 0.9961685538291931, 0.8987069129943848, 0.9875930547714233, 0.9852941036224365, 0.9470046162605286, 0.9624413251876831, 0.9092920422554016, 0.9414519667625427, 0.8165680766105652, 0.9809069037437439, 0.8809523582458496], "val_recall": [0.8369304537773132, 0.9952038526535034, 1.0, 1.0, 0.973621129989624, 0.9976019263267517, 0.8417266011238098, 0.8393285274505615, 0.9856114983558655, 0.623501181602478, 1.0, 0.9544364213943481, 0.9640287756919861, 0.9856114983558655, 0.9832134246826172, 0.9856114983558655, 0.9640287756919861, 0.9928057789802551, 0.9856114983558655, 0.9760192036628723]}