{"accuracy": [0.8644390106201172, 0.9301820397377014, 0.9402336478233337, 0.9415919780731201, 0.9549035429954529, 0.9627818465232849, 0.9693018198013306, 0.9657701849937439, 0.9616951942443848, 0.966856837272644, 0.97555011510849, 0.9736484885215759, 0.969845175743103, 0.9714751243591309, 0.9758217930793762, 0.9769084453582764, 0.9744634628295898, 0.9752784371376038, 0.9744634628295898, 0.9809834361076355], "loss": [0.3618580102920532, 0.18350549042224884, 0.14758194983005524, 0.14327318966388702, 0.1264721155166626, 0.10588794946670532, 0.0878947302699089, 0.09434583783149719, 0.09775340557098389, 0.08649531751871109, 0.06972658634185791, 0.07153835147619247, 0.07557462900876999, 0.07495860010385513, 0.061368487775325775, 0.061690036207437515, 0.06971751153469086, 0.06312070041894913, 0.06935001164674759, 0.05787407234311104], "val_accuracy": [0.9118607044219971, 0.9249184131622314, 0.9412404894828796, 0.9597388505935669, 0.9292709231376648, 0.9532099962234497, 0.9825897812843323, 0.9423286318778992, 0.9782372117042542, 0.973884642124176, 0.9782372117042542, 0.9695320725440979, 0.9706202149391174, 0.9749727845191956, 0.9662677049636841, 0.9760609269142151, 0.9695320725440979, 0.9782372117042542, 0.971708357334137, 0.9727964997291565], "val_loss": [0.21393588185310364, 0.19861455261707306, 0.16695110499858856, 0.11952408403158188, 0.1901264637708664, 0.11123475432395935, 0.05687810108065605, 0.14574511349201202, 0.05724978446960449, 0.08327772468328476, 0.06405395269393921, 0.08645353466272354, 0.0650850161910057, 0.07872596383094788, 0.08669372648000717, 0.053885024040937424, 0.07254810631275177, 0.0635710060596466, 0.10088620334863663, 0.06984388083219528]}