{"accuracy": [0.8293941617012024, 0.9035587906837463, 0.9271937012672424, 0.9372453093528748, 0.9383319616317749, 0.9562618732452393, 0.9616951942443848, 0.9557185769081116, 0.9554468989372253, 0.9587068557739258, 0.9641401767730713, 0.961966872215271, 0.9695734977722168, 0.9722901582717896, 0.9790817499160767, 0.9739201068878174, 0.9777234196662903, 0.9747351408004761, 0.9712035059928894, 0.9733768105506897], "loss": [0.3990503251552582, 0.2687261402606964, 0.21204057335853577, 0.1983615905046463, 0.19454070925712585, 0.14196276664733887, 0.12768115103244781, 0.13083072006702423, 0.12341892719268799, 0.12250883132219315, 0.11071188747882843, 0.11064621806144714, 0.08802053332328796, 0.08957958966493607, 0.0700598731637001, 0.07875238358974457, 0.07233428210020065, 0.08149588853120804, 0.07963232696056366, 0.08141789585351944], "val_accuracy": [0.4537540674209595, 0.4537540674209595, 0.4537540674209595, 0.5571272969245911, 0.5223068594932556, 0.5440696477890015, 0.4820457100868225, 0.8139281868934631, 0.46354731917381287, 0.8258976936340332, 0.8128400444984436, 0.9542981386184692, 0.899891197681427, 0.9553862810134888, 0.9249184131622314, 0.9118607044219971, 0.8966267704963684, 0.7486398220062256, 0.9368879199028015, 0.8824809789657593], "val_loss": [0.7258403301239014, 1.1787669658660889, 2.0799009799957275, 0.7499209642410278, 0.7357106804847717, 0.816042423248291, 2.3527719974517822, 0.42569196224212646, 2.347852945327759, 0.4783961772918701, 0.6486510038375854, 0.11394069343805313, 0.2236855924129486, 0.1322091668844223, 0.20407098531723022, 0.24850323796272278, 0.27172258496284485, 0.8156852126121521, 0.17548222839832306, 0.31932899355888367]}